<?xml version="1.0" encoding="UTF-8"?>
<project-private xmlns="http://www.netbeans.org/ns/project-private/1">
    <editor-bookmarks xmlns="http://www.netbeans.org/ns/editor-bookmarks/2" lastBookmarkId="0"/>
    <open-files xmlns="http://www.netbeans.org/ns/projectui-open-files/2">
        <group>
            <file>file:/C:/Users/mehed/Documents/NetBeansProjects/myapp/src/app/withdrawUI.java</file>
            <file>file:/C:/Users/mehed/Documents/NetBeansProjects/myapp/src/app/mainUI.java</file>
            <file>file:/C:/Users/mehed/Documents/NetBeansProjects/myapp/src/app/profile1UI.java</file>
            <file>file:/C:/Users/mehed/Documents/NetBeansProjects/myapp/src/app/aboutUI.java</file>
            <file>file:/C:/Users/mehed/Documents/NetBeansProjects/myapp/src/app/createaccountUI.java</file>
            <file>file:/C:/Users/mehed/Documents/NetBeansProjects/myapp/src/app/loginUI.java</file>
        </group>
    </open-files>
</project-private>
